run_name,provision_label,num_rollouts,tokens_per_sec_mean,tokens_per_sec_min,tokens_per_sec_max,rollout_time_mean,total_tokens_mean,off_policy_ratio_mean,partial_samples_mean
qwen3-1.7b-non-provision-bs16,non_provision,3,1378.8880553382594,1299.9459647593842,1436.7448123355746,83.0399067401886,114416.66666666667,0.0,0.0
qwen3-1.7b-provision-1p5x-bs16,1.5x,3,3432.3633947896865,3196.591603475013,3749.8407678095946,34.55239939689636,118973.33333333333,0.15362669202760773,64.0
qwen3-1.7b-provision-2p0x-bs16,2.0x,3,4447.434419611309,4094.828354231224,4873.048410052642,29.597423950831097,132789.0,0.22551887199772258,128.0
qwen3-1.7b-provision-2p5x-bs16,2.5x,3,4712.755351080726,4224.6927618725485,5537.159389900262,29.10686461130778,142452.33333333334,0.2708580000403387,192.0
qwen3-1.7b-provision-3p0x-bs16,3.0x,3,4825.20444579321,3988.337407761424,6138.9134782673855,29.123365958531696,148348.0,0.31549612650262354,256.0
