rollout_id,eval_math_level2_test_subset64_seed1234,eval_math_level2_test_subset64_seed1234_truncated_ratio
0,0.4375,0.015625
4,0.453125,0.0625
9,0.6875,0.078125
14,0.609375,0.078125
19,0.6875,0.296875
24,0.671875,0.296875
29,0.609375,0.296875
34,0.640625,0.265625
39,0.625,0.25
44,0.625,0.1875
49,0.65625,0.09375
