rollout_id,eval_math_level2_test_subset64_seed1234,eval_math_level2_test_subset64_seed1234_truncated_ratio
0,0.3125,0.0
4,0.5,0.046875
9,0.203125,0.625
14,0.109375,0.71875
19,0.5625,0.03125
24,0.53125,0.046875
29,0.53125,0.0
34,0.640625,0.015625
39,0.5625,0.0
44,0.578125,0.015625
49,0.609375,0.0
