rollout_id,eval_math_level2_test_subset64_seed1234,eval_math_level2_test_subset64_seed1234_truncated_ratio
0,0.390625,0.0
4,0.484375,0.0
9,0.375,0.0
14,0.234375,0.0
19,0.546875,0.0
24,0.5,0.03125
29,0.375,0.015625
34,0.375,0.015625
39,0.28125,0.0
44,0.328125,0.046875
49,0.328125,0.0
