rollout_id,eval_math_level2_test_subset64_seed1234,eval_math_level2_test_subset64_seed1234_truncated_ratio
0,0.421875,0.015625
4,0.171875,0.0
9,0.125,0.0
14,0.359375,0.03125
19,0.40625,0.03125
24,0.25,0.609375
29,0.03125,0.96875
34,0.015625,0.984375
39,0.0,1.0
44,0.0,1.0
49,0.015625,1.0
