rollout_id,eval_math_level2_test_subset64_seed1234,eval_math_level2_test_subset64_seed1234_truncated_ratio
0,0.421875,0.015625
4,0.375,0.015625
9,0.5625,0.015625
14,0.53125,0.03125
19,0.515625,0.0
24,0.609375,0.0625
29,0.640625,0.03125
34,0.59375,0.1875
39,0.609375,0.171875
44,0.5625,0.125
49,0.640625,0.171875
