rollout_id,eval_math_level2_test_subset64_seed1234,eval_math_level2_test_subset64_seed1234_truncated_ratio
0,0.34375,0.015625
4,0.578125,0.046875
9,0.59375,0.03125
14,0.46875,0.203125
19,0.578125,0.125
24,0.65625,0.0625
29,0.671875,0.09375
34,0.515625,0.203125
39,0.5625,0.140625
44,0.609375,0.0625
49,0.5625,0.125
