rollout_id,eval_math_level2_test_subset64_seed1234,eval_math_level2_test_subset64_seed1234_truncated_ratio
0,0.34375,0.03125
4,0.40625,0.03125
9,0.453125,0.109375
14,0.484375,0.375
19,0.546875,0.140625
24,0.640625,0.015625
29,0.625,0.03125
34,0.671875,0.0
39,0.625,0.0
44,0.640625,0.0
49,0.65625,0.015625
