rollout_id,eval_math_level2_test_subset64_seed1234,eval_math_level2_test_subset64_seed1234_truncated_ratio
0,0.28125,0.0
4,0.484375,0.078125
9,0.203125,0.578125
14,0.109375,0.859375
19,0.046875,0.90625
24,0.03125,0.90625
29,0.046875,0.9375
34,0.046875,0.828125
39,0.015625,0.90625
44,0.078125,0.828125
49,0.125,0.828125
