rollout_id,eval_math_level2_test_subset64_seed1234,eval_math_level2_test_subset64_seed1234_truncated_ratio
0,0.34375,0.0625
4,0.40625,0.0
9,0.375,0.0
14,0.484375,0.0
19,0.53125,0.0
24,0.484375,0.015625
29,0.46875,0.015625
34,0.546875,0.0
39,0.453125,0.0
44,0.34375,0.0
49,0.53125,0.0
