rollout_id,eval_math_level2_test_subset64_seed1234,eval_math_level2_test_subset64_seed1234_truncated_ratio
0,0.375,0.015625
4,0.3125,0.0625
9,0.109375,0.046875
14,0.453125,0.078125
19,0.453125,0.046875
24,0.0625,0.96875
29,0.0,1.0
34,0.015625,1.0
39,0.0,1.0
44,0.0,1.0
49,0.0,1.0
