rollout_id,eval_math_level2_test_subset64_seed1234,eval_math_level2_test_subset64_seed1234_truncated_ratio
0,0.359375,0.015625
0,0.265625,0.0
4,0.140625,0.0
9,0.21875,0.0
14,0.125,0.734375
19,0.015625,1.0
24,0.015625,0.984375
29,0.0,0.984375
34,0.0,1.0
39,0.0,1.0
44,0.0,1.0
49,0.0,1.0
