rollout_id,eval_math_level2_test_subset64_seed1234,eval_math_level2_test_subset64_seed1234_truncated_ratio
0,0.328125,0.015625
4,0.359375,0.0
9,0.5625,0.0
14,0.625,0.015625
19,0.640625,0.015625
24,0.625,0.0
29,0.59375,0.0
34,0.609375,0.0
39,0.640625,0.0
44,0.546875,0.0
49,0.609375,0.0
