rollout_id,eval_math_level2_test_subset64_seed1234,eval_math_level2_test_subset64_seed1234_truncated_ratio
0,0.34375,0.0
4,0.4375,0.046875
9,0.640625,0.03125
14,0.65625,0.078125
19,0.65625,0.046875
24,0.640625,0.078125
29,0.609375,0.0625
34,0.640625,0.09375
39,0.59375,0.125
44,0.671875,0.1875
49,0.671875,0.109375
